<?xml version="1.0"?>
<doc>
    <assembly>
        <name>CustomerApp</name>
    </assembly>
    <members>
        <member name="M:CustomerApp.BUS.FrmMain.CtrlVisiTrue(System.Windows.Forms.Control[])">
            <summary>
            해당 컨트롤 Visible을 True로 설정하는 Method
            </summary>
            <param name="controls">설정하고 싶은 컨트롤</param>
        </member>
        <member name="M:CustomerApp.BUS.FrmMain.PanBottomCtrlVisiFalse">
            <summary>
            PanBottom 패널의 Visible을 False로 설정하는 Method
            </summary>
        </member>
        <member name="M:CustomerApp.BUS.FrmMain.SetListView">
            <summary>
            ListView 기본 설정
            </summary>
        </member>
        <member name="M:CustomerApp.BUS.FrmMain.GetSubItems">
            <summary>
            ListViewItem (Product)의 서브 아이템을 가져오는 Method
            </summary>
        </member>
        <member name="M:CustomerApp.BUS.FrmMain.ListViewToolTip">
            <summary>
            ListView ToolTip 설정 Method
            </summary>
        </member>
        <member name="M:CustomerApp.BUS.FrmMain.SetBtnImage(System.Windows.Forms.Button,System.String)">
            <summary>
            버튼 이미지 설정 Method
            </summary>
            <param name="btn">설정하려는 버튼</param>
            <param name="imgPath">리소스에 저장 된 이미지 이름.형식</param>
        </member>
        <member name="M:CustomerApp.BUS.FrmMain.SetBtnDesign(System.Windows.Forms.Button[])">
            <summary>
            원하는 버튼 디자인 세팅 Method
            </summary>
            <param name="btn">세팅하고 싶은 버튼</param>
        </member>
        <member name="M:CustomerApp.BUS.FrmMain.SetBtnColor(System.Windows.Forms.Button[])">
            <summary>
            클릭 시 버튼 색 바꾸기 Method
            </summary>
            <param name="btn">클릭되는 버튼은 0번 째 순서에 입력</param>
        </member>
        <member name="M:CustomerApp.BUS.FrmMain.CreateBtn(System.Windows.Forms.Button,System.String)">
            <summary>
            기존 버튼 자리에 새로운 버튼 생성 Method
            </summary>
            <param name="oldBtn">기존 버튼</param>
            <param name="txt">새로운 버튼의 텍스트</param>
            <returns>새로운 버튼</returns>
        </member>
        <member name="M:CustomerApp.BUS.FrmMain.GetProducts">
            <summary>
            상품을 ListView에 이미지와 함께 추가하는 Method
            </summary>
        </member>
        <member name="M:CustomerApp.BUS.FrmMain.GetSpecLabel">
            <summary>
            상품의 스펙을 보여주는 컨트롤 세팅 Method
            </summary>
        </member>
        <member name="M:CustomerApp.BUS.FrmMain.SetGviewCart">
            <summary>
            장바구니 데이터 그리드 뷰에 기본 세팅 Method
            </summary>
        </member>
        <member name="M:CustomerApp.BUS.FrmMain.GetOrderVo">
            <summary>
            주문 객체를 반환하는 Method
            </summary>
            <returns>주문 객체</returns>
        </member>
        <member name="M:CustomerApp.BUS.FrmMain.RemoveCart(System.Int32)">
            <summary>
            장바구니 그리드 뷰 삭제 row 반환 Method
            </summary>
            <param name="indexNum"></param>
            <returns>삭제 row index</returns>
        </member>
        <member name="M:CustomerApp.BUS.FrmMain.GviewCartDataSource">
            <summary>
            장바구니 그리드 뷰 목록 불러와서 cartList에 저장 및 디스플레이 세팅 Method
            </summary>
        </member>
        <member name="M:CustomerApp.BUS.FrmMain.DeleteCart">
            <summary>
            장바구니 목록 DB, 그리드 뷰에서 삭제 Method
            </summary>
        </member>
        <member name="M:CustomerApp.BUS.FrmMain.GviewBuyRecordSet">
            <summary>
            구매 내역 row 설정 Method
            </summary>
        </member>
        <member name="M:CustomerApp.BUS.FrmMain.GetCbxCol(System.Windows.Forms.DataGridView,System.String,System.String)">
            <summary>
            gView에 체크박스 컬럼 추가
            </summary>
            <param name="gView">그리드 뷰</param>
            <param name="name">컬럼명</param>
            <param name="headerTxt">컬럼 헤더텍스트</param>
        </member>
        <member name="M:CustomerApp.BUS.FrmMain.SetGviewAS">
            <summary>
            AS 그리드 뷰 기본 세팅
            </summary>
        </member>
        <member name="M:CustomerApp.BUS.FrmMain.GviewAScolSet">
            <summary>
            AS 그리드 뷰의 컬럼 세팅
            </summary>
        </member>
        <member name="M:CustomerApp.BUS.FrmMain.BtnSubmitEnable">
            <summary>
            AS 신청 버튼 Enable 조건에 맞게 활성, 비활성
            </summary>
        </member>
        <member name="M:CustomerApp.BUS.FrmMain.GetXlBorders(System.Object,Microsoft.Office.Interop.Excel.Range)">
            <summary>
            엑셀 병합된 셀의 테두리 설정 Method
            </summary>
            <param name="missing">missValue</param>
            <param name="range">병합 범위</param>
        </member>
        <member name="F:CustomerApp.BUS.FrmMain.components">
            <summary>
            필수 디자이너 변수입니다.
            </summary>
        </member>
        <member name="M:CustomerApp.BUS.FrmMain.Dispose(System.Boolean)">
            <summary>
            사용 중인 모든 리소스를 정리합니다.
            </summary>
            <param name="disposing">관리되는 리소스를 삭제해야 하면 true이고, 그렇지 않으면 false입니다.</param>
        </member>
        <member name="M:CustomerApp.BUS.FrmMain.InitializeComponent">
            <summary>
            디자이너 지원에 필요한 메서드입니다. 
            이 메서드의 내용을 코드 편집기로 수정하지 마세요.
            </summary>
        </member>
        <member name="F:CustomerApp.BUS.FrmAddr.components">
            <summary>
            Required designer variable.
            </summary>
        </member>
        <member name="M:CustomerApp.BUS.FrmAddr.Dispose(System.Boolean)">
            <summary>
            Clean up any resources being used.
            </summary>
            <param name="disposing">true if managed resources should be disposed; otherwise, false.</param>
        </member>
        <member name="M:CustomerApp.BUS.FrmAddr.InitializeComponent">
            <summary>
            Required method for Designer support - do not modify
            the contents of this method with the code editor.
            </summary>
        </member>
        <member name="M:CustomerApp.BUS.FrmJoin.GetSubmitEnable">
            <summary>
            회원가입 버튼 Enable 조건에 따라 변환
            </summary>
        </member>
        <member name="F:CustomerApp.BUS.FrmJoin.components">
            <summary>
            Required designer variable.
            </summary>
        </member>
        <member name="M:CustomerApp.BUS.FrmJoin.Dispose(System.Boolean)">
            <summary>
            Clean up any resources being used.
            </summary>
            <param name="disposing">true if managed resources should be disposed; otherwise, false.</param>
        </member>
        <member name="M:CustomerApp.BUS.FrmJoin.InitializeComponent">
            <summary>
            Required method for Designer support - do not modify
            the contents of this method with the code editor.
            </summary>
        </member>
        <member name="F:CustomerApp.BUS.FrmLogin.components">
            <summary>
            Required designer variable.
            </summary>
        </member>
        <member name="M:CustomerApp.BUS.FrmLogin.Dispose(System.Boolean)">
            <summary>
            Clean up any resources being used.
            </summary>
            <param name="disposing">true if managed resources should be disposed; otherwise, false.</param>
        </member>
        <member name="M:CustomerApp.BUS.FrmLogin.InitializeComponent">
            <summary>
            Required method for Designer support - do not modify
            the contents of this method with the code editor.
            </summary>
        </member>
        <member name="F:CustomerApp.BUS.FrmMyInfo.components">
            <summary>
            Required designer variable.
            </summary>
        </member>
        <member name="M:CustomerApp.BUS.FrmMyInfo.Dispose(System.Boolean)">
            <summary>
            Clean up any resources being used.
            </summary>
            <param name="disposing">true if managed resources should be disposed; otherwise, false.</param>
        </member>
        <member name="M:CustomerApp.BUS.FrmMyInfo.InitializeComponent">
            <summary>
            Required method for Designer support - do not modify
            the contents of this method with the code editor.
            </summary>
        </member>
        <member name="F:CustomerApp.BUS.FrmSearchIDPW.components">
            <summary>
            Required designer variable.
            </summary>
        </member>
        <member name="M:CustomerApp.BUS.FrmSearchIDPW.Dispose(System.Boolean)">
            <summary>
            Clean up any resources being used.
            </summary>
            <param name="disposing">true if managed resources should be disposed; otherwise, false.</param>
        </member>
        <member name="M:CustomerApp.BUS.FrmSearchIDPW.InitializeComponent">
            <summary>
            Required method for Designer support - do not modify
            the contents of this method with the code editor.
            </summary>
        </member>
        <member name="M:CustomerApp.Program.Main">
            <summary>
            해당 응용 프로그램의 주 진입점입니다.
            </summary>
        </member>
        <member name="T:CustomerApp.Properties.Resources">
            <summary>
              지역화된 문자열 등을 찾기 위한 강력한 형식의 리소스 클래스입니다.
            </summary>
        </member>
        <member name="P:CustomerApp.Properties.Resources.ResourceManager">
            <summary>
              이 클래스에서 사용하는 캐시된 ResourceManager 인스턴스를 반환합니다.
            </summary>
        </member>
        <member name="P:CustomerApp.Properties.Resources.Culture">
            <summary>
              이 강력한 형식의 리소스 클래스를 사용하여 모든 리소스 조회에 대해 현재 스레드의 CurrentUICulture 속성을
              재정의합니다.
            </summary>
        </member>
        <member name="P:CustomerApp.Properties.Resources.AS">
            <summary>
              System.Drawing.Bitmap 형식의 지역화된 리소스를 찾습니다.
            </summary>
        </member>
        <member name="P:CustomerApp.Properties.Resources.bill">
            <summary>
              System.Drawing.Bitmap 형식의 지역화된 리소스를 찾습니다.
            </summary>
        </member>
        <member name="P:CustomerApp.Properties.Resources.buy">
            <summary>
              System.Drawing.Bitmap 형식의 지역화된 리소스를 찾습니다.
            </summary>
        </member>
        <member name="P:CustomerApp.Properties.Resources.buyNow">
            <summary>
              System.Drawing.Bitmap 형식의 지역화된 리소스를 찾습니다.
            </summary>
        </member>
        <member name="P:CustomerApp.Properties.Resources.cart">
            <summary>
              System.Drawing.Bitmap 형식의 지역화된 리소스를 찾습니다.
            </summary>
        </member>
        <member name="P:CustomerApp.Properties.Resources.computer">
            <summary>
              System.Drawing.Bitmap 형식의 지역화된 리소스를 찾습니다.
            </summary>
        </member>
        <member name="P:CustomerApp.Properties.Resources.Excelbill">
            <summary>
              System.Byte[] 형식의 지역화된 리소스를 찾습니다.
            </summary>
        </member>
    </members>
</doc>
